name,address,domain,website,phone_number,whatsapp_link,category,location,reviews_count,reviews_average,latitude,longitude,status
Imobiliária Ápice - Fazenda Rio Grande,"R. França, 456 - Sala 2 - Nações, Fazenda Rio Grande - PR, 83823-006",apiceimoveis.com.br,https://www.apiceimoveis.com.br,(41) 98781-1792,https://wa.me/5541987811792,Imobiliária,"Eucaliptos, Fazenda Rio Grande",432,5.0,-25.6454551,-49.3173789,1
Invest Imóveis e Incorporações - Imobiliária em Fazenda Rio Grande,"Tv. Bélgica, 200 - Sala 05 - Nações, Fazenda Rio Grande - PR, 83823-012",investincorporacoes.com.br,https://www.investincorporacoes.com.br,(41) 99688-9384,https://wa.me/5541996889384,Imobiliária,"Eucaliptos, Fazenda Rio Grande",15,4.9,-25.651162,-49.3284644,1
Econômica Imóveis,"Av. Nossa Senhora Aparecida, 980 - Sala 06 - Santa Terezinha, Fazenda Rio Grande - PR, 83829-020",economicaimoveis.com.br,https://www.economicaimoveis.com.br,(41) 99501-8541,https://wa.me/5541995018541,Imobiliária,"Eucaliptos, Fazenda Rio Grande",33,4.4,-25.651162,-49.3284644,1
Pedroso Imóveis,"Av. Brasil, 2227 - Loja 01 - Eucaliptos, Fazenda Rio Grande - PR, 83820-470",pedrosoimoveisfrg.com.br,https://www.pedrosoimoveisfrg.com.br,(41) 99838-3735,https://wa.me/5541998383735,Imobiliária,"Eucaliptos, Fazenda Rio Grande",58,4.6,-25.6510203,-49.3252509,1
Real Valor Imóveis,"R. Inglaterra, 199 - Sala 04 - Eucaliptos, Fazenda Rio Grande - PR, 83820-000",realvalorimoveis.com,https://www.realvalorimoveis.com,(41) 3797-6770,https://wa.me/554137976770,Imobiliária,"Eucaliptos, Fazenda Rio Grande",107,4.9,-25.6510203,-49.3252509,1
Relevant Imóveis,"R. Castanheira, 598 - Eucaliptos, Fazenda Rio Grande - PR, 83820-056",relevantimoveis.com.br,https://www.relevantimoveis.com.br,(41) 99200-3551,https://wa.me/5541992003551,Imobiliária,"Eucaliptos, Fazenda Rio Grande",83,4.4,-25.6510203,-49.3252509,1
Definição Imóveis l Imobiliária em Fazenda Rio Grande,"Av. Brasil, 2695 - sala 06 - Nações, Fazenda Rio Grande - PR, 83823-050",definicaoimoveis.com.br,https://www.definicaoimoveis.com.br,(41) 99641-2502,https://wa.me/5541996412502,Imobiliária,"Eucaliptos, Fazenda Rio Grande",48,4.7,-25.6510203,-49.3252509,1
Inova Wlar Negócios Imobiliários,"R. Colômbia, 284 - Nações, Fazenda Rio Grande - PR, 83823-074",,,(41) 99728-5161,https://wa.me/5541997285161,Imobiliária,"Eucaliptos, Fazenda Rio Grande",11,4.6,-25.6510203,-49.3252509,1
Limorati CR Imóveis,"R. Inglaterra, 340 - Nações, Fazenda Rio Grande - PR, 83823-008",limoraticrimoveis.com.br,https://www.limoraticrimoveis.com.br,(41) 3070-4005,https://wa.me/554130704005,Imobiliária,"Eucaliptos, Fazenda Rio Grande",75,4.8,-25.6510203,-49.3252509,1
Fiorati Imóveis - Unidade Fazenda Rio Grande,"Av. Cedro, 194 - Eucaliptos, Fazenda Rio Grande - PR, 83820-004",,,(41) 3604-5999,https://wa.me/554136045999,Imobiliária,"Eucaliptos, Fazenda Rio Grande",4,5.0,-25.6510203,-49.3252509,1
AW Empreendimentos,"R. França, 230 - Eucaliptos, Fazenda Rio Grande - PR, 83820-029",,,(41) 3608-1160,https://wa.me/554136081160,Imobiliária,"Eucaliptos, Fazenda Rio Grande",43,4.4,-25.6510203,-49.3252509,1
MARTINI E MARTINI IMÓVEIS,"Cond. Green Field - Av. Tomaz Edson de Andrade Vieira, 121 - Eucaliptos, Fazenda Rio Grande - PR, 83820-701",imoveismartini.com.br,https://www.imoveismartini.com.br,(41) 98427-0420,https://wa.me/5541984270420,Imobiliária,"Eucaliptos, Fazenda Rio Grande",37,4.9,-25.6354753,-49.3104324,1
Imobiliária Nova Morada - Fazenda Rio Grande,"R. João Gregório Barbosa, 222 - Pioneiros, Fazenda Rio Grande - PR, 83833-050",novamoradarealizacoes.com.br,https://www.novamoradarealizacoes.com.br,(41) 99174-4716,https://wa.me/5541991744716,Imobiliária,"Eucaliptos, Fazenda Rio Grande",57,4.9,-25.6354753,-49.3104324,1
Iven soluções imobiliárias ltda.,"R. Goiabeira, 99 - Eucaliptos, Fazenda Rio Grande - PR, 83820-527",ivenimobiliaria.com.br,https://www.ivenimobiliaria.com.br,(41) 99146-7231,https://wa.me/5541991467231,Imobiliária,"Eucaliptos, Fazenda Rio Grande",1,5.0,-25.6492627,-49.3239908,1
Imobiliária Casagora - Fazenda Rio Grande,"R. Inglaterra, 376 - Nações, Fazenda Rio Grande - PR, 83823-008",casagoraimoveis.com.br,https://www.casagoraimoveis.com.br,(41) 3608-2002,https://wa.me/554136082002,Imobiliária,"Eucaliptos, Fazenda Rio Grande",129,4.6,-25.6492627,-49.3239908,1
NG Imóveis,"R. Pitangueira, 73 - sala 3 - Eucaliptos, Fazenda Rio Grande - PR, 83820-047",instagram.com,https://www.instagram.com,(41) 99822-9186,https://wa.me/5541998229186,Imobiliária,"Eucaliptos, Fazenda Rio Grande",15,5.0,-25.6492627,-49.3239908,1
D' Sampaio Imóveis,"Av. Cedro, 679 - sala 2 - Eucaliptos, Fazenda Rio Grande - PR, 83820-524",dsampaioimoveis.com.br,https://www.dsampaioimoveis.com.br,(41) 99616-1147,https://wa.me/5541996161147,Imobiliária,"Eucaliptos, Fazenda Rio Grande",43,5.0,-25.6492627,-49.3239908,1
R.CLEMENTE - Corretor de Imóveis,"R. Goiabeira, 99 - Eucaliptos, Fazenda Rio Grande - PR, 83820-029",,,(41) 99820-0119,https://wa.me/5541998200119,Imobiliária,"Eucaliptos, Fazenda Rio Grande",1,5.0,-25.6492627,-49.3239908,1
Boreal Imóveis | Imobiliária em Fazenda Rio Grande,"R. Manoel Claudino Barbosa, 1934 - Sala 01 - Iguaçu, Fazenda Rio Grande - PR, 83833-080",borealimoveisfrg.com.br,https://www.borealimoveisfrg.com.br,(41) 99118-7310,https://wa.me/5541991187310,Imobiliária,"Eucaliptos, Fazenda Rio Grande",22,5.0,-25.6503199,-49.3328787,1
D' Machado Imóveis - Fazenda Rio Grande - CRECI J8568,"R. Farid Stephens, 104 - Sala 01 - Pioneiros, Fazenda Rio Grande - PR, 83833-008",dmachadoimoveis.com.br,https://www.dmachadoimoveis.com.br,(41) 99938-2327,https://wa.me/5541999382327,Imobiliária,"Eucaliptos, Fazenda Rio Grande",16,4.9,-25.6503199,-49.3328787,1
Imobilíaria Gigante,"Green Field - Av. Tomaz Edson de Andrade Vieira, 478 - Eucaliptos, Fazenda Rio Grande - PR, 83820-701",,,(41) 99953-9383,https://wa.me/5541999539383,Imobiliária,"Eucaliptos, Fazenda Rio Grande",4,4.3,-25.6384717,-49.3091293,1
JMA Imóveis Fazenda Rio Grande,"R. César Carelli, 179 - Sala 03 - Segundo andar - Iguaçu, Fazenda Rio Grande - PR, 83833-054",jmasolucoesimobiliarias.com.br,https://www.jmasolucoesimobiliarias.com.br,(41) 99804-1974,https://wa.me/5541998041974,Imobiliária,"Eucaliptos, Fazenda Rio Grande",51,5.0,-25.6449657,-49.3325932,1
FNX imóveis,"Av. Cedro, 283 - Eucaliptos, Fazenda Rio Grande - PR, 83820-004",imoveisfnx.com.br,https://www.imoveisfnx.com.br,(41) 99627-0636,https://wa.me/5541996270636,Imobiliária,"Eucaliptos, Fazenda Rio Grande",1,5.0,-25.6449657,-49.3325932,1
Imobiliária Realiza Frg,"Tv. Bélgica, 174 - sala 3 - Nações, Fazenda Rio Grande - PR, 83823-012",realizafrgimobiliaria.com.br,https://www.realizafrgimobiliaria.com.br,(41) 99948-8907,https://wa.me/5541999488907,Imobiliária,"Eucaliptos, Fazenda Rio Grande",16,4.8,-25.6449657,-49.3325932,1
rmimoveisprime,"Green Field - R. Cypress, 115 - Eucaliptos, Fazenda Rio Grande - PR, 83820-065",rmimoveisprime.com.br,https://www.rmimoveisprime.com.br,,,Imobiliária,"Eucaliptos, Fazenda Rio Grande",1,5.0,-25.6449657,-49.3325932,1
Eliaquim Imóveis,"R. Espanha, 222 - Nações, Fazenda Rio Grande - PR, 83823-048",eliaquimimoveis.com,https://www.eliaquimimoveis.com,(41) 3060-2765,https://wa.me/554130602765,Imobiliária,"Eucaliptos, Fazenda Rio Grande",16,5.0,-25.6449657,-49.3325932,1
Karbelle Imóveis - Imobiliária em Fazenda Rio Grande,"Av. Tomaz Edson de Andrade Vieira, 168 - Sala 3 - Eucaliptos, Fazenda Rio Grande - PR, 83820-701",,,(41) 99121-1436,https://wa.me/5541991211436,Imobiliária,"Eucaliptos, Fazenda Rio Grande",16,4.4,-25.6449657,-49.3325932,1
Fortis Imóveis,"Av. Portugal, 413 - Sala 05 - Nações, Fazenda Rio Grande - PR, 83823-038",fortisimoveis.com.br,https://www.fortisimoveis.com.br,(41) 3627-1718,https://wa.me/554136271718,Imobiliária,"Eucaliptos, Fazenda Rio Grande",55,5.0,-25.635954,-49.3106241,1
VL Imóveis Frg,"Interforne 08, R. Itália, 120 - Sala 08 - Nações, Fazenda Rio Grande - PR, 83823-020",vlimoveisfrg.com.br,https://www.vlimoveisfrg.com.br,(41) 99847-3039,https://wa.me/5541998473039,Imobiliária,"Eucaliptos, Fazenda Rio Grande",64,4.9,-25.6573896,-49.3276684,1
Imobiliária Taborda,"Av. Araucárias, 422 - Eucaliptos, Fazenda Rio Grande - PR, 83820-068",imobiliariataborda.com.br,https://www.imobiliariataborda.com.br,(41) 99669-9140,https://wa.me/5541996699140,Imobiliária,"Eucaliptos, Fazenda Rio Grande",49,3.7,-25.6445996,-49.3261831,1
Ferreira Imoveis Fazenda Rio Grande,"Av. Carlos Eduardo Nichele - Pioneiros, Fazenda Rio Grande - PR, 83833-020",imobiliariaferreira.com,https://www.imobiliariaferreira.com,(41) 99926-9888,https://wa.me/5541999269888,Imobiliária,"Eucaliptos, Fazenda Rio Grande",6,4.3,-25.6445996,-49.3261831,1
Wsilva,"Av. Araucárias, 264 - Eucaliptos, Fazenda Rio Grande - PR, 83820-071",,,(41) 99869-9344,https://wa.me/5541998699344,Imobiliária,"Eucaliptos, Fazenda Rio Grande",2,5.0,-25.6445996,-49.3261831,1
Cleia Imóveis,"Av. Brasil, 1725 - Eucaliptos, Fazenda Rio Grande - PR, 83820-065",,,(41) 99807-1681,https://wa.me/5541998071681,Imobiliária,"Eucaliptos, Fazenda Rio Grande",4,5.0,-25.6445996,-49.3261831,1
Avanço Soluções Imobiliárias,"Av. Brasil, 2259 - sala 09 - Eucaliptos, Fazenda Rio Grande - PR, 83820-470",avancosolucoesimobiliarias.com.br,https://www.avancosolucoesimobiliarias.com.br,(41) 98424-1683,https://wa.me/5541984241683,Imobiliária,"Eucaliptos, Fazenda Rio Grande",8,5.0,-25.6445996,-49.3261831,1
Furmann Imoveis,"Av. Brasil, 797 - Eucaliptos, Fazenda Rio Grande - PR, 83820-262",furmannimoveis.com.br,https://www.furmannimoveis.com.br,(41) 3627-0215,https://wa.me/554136270215,Imobiliária,"Eucaliptos, Fazenda Rio Grande",4,3.0,-25.6445996,-49.3261831,1
FP Soluções Imobiliárias,"Av. Cedro, 194 - sala 02 - Eucaliptos, Fazenda Rio Grande - PR, 83820-004",sites.google.com,https://www.sites.google.com,(41) 99207-9972,https://wa.me/5541992079972,Imobiliária,"Eucaliptos, Fazenda Rio Grande",5,5.0,-25.6445996,-49.3261831,1
GREGÓRIO IMOBILIÁRIA,"Tv. Espatódias, 111 - Eucaliptos, Fazenda Rio Grande - PR, 83820-581",imoveisgregorio.com.br,https://www.imoveisgregorio.com.br,(41) 99788-3718,https://wa.me/5541997883718,Imobiliária,"Eucaliptos, Fazenda Rio Grande",15,3.4,-25.6445996,-49.3261831,1
Morar Bem,"Av. Brasil, 2247 - Eucaliptos, Fazenda Rio Grande - PR, 83820-470",,,(41) 98457-7529,https://wa.me/5541984577529,Imobiliária,"Eucaliptos, Fazenda Rio Grande",3,4.7,-25.6510692,-49.3252776,1
Plataforma MFG Imóveis,"Av. Brasil, 1016 - Eucaliptos, Fazenda Rio Grande - PR, 83820-074",,,(41) 99706-5600,https://wa.me/5541997065600,Imobiliária,"Eucaliptos, Fazenda Rio Grande",1,5.0,-25.6510692,-49.3252776,1
Imobiliária Revolution Broker,"Av. Brasil, 1871 - Sala 04 - Eucaliptos, Fazenda Rio Grande - PR, 83820-262",revolutionbroker.com.br,https://www.revolutionbroker.com.br,(41) 99675-7690,https://wa.me/5541996757690,Imobiliária,"Eucaliptos, Fazenda Rio Grande",12,5.0,-25.6510692,-49.3252776,1
Imobiliária Realiza Requinte,"Av. Brasil, 2222 - Sala 11 C - Nações, Fazenda Rio Grande - PR, 83823-044",realizarequinte.com.br,https://www.realizarequinte.com.br,(41) 99907-2158,https://wa.me/5541999072158,Imobiliária,"Eucaliptos, Fazenda Rio Grande",,,-25.6510692,-49.3252776,1
Rm Prime,"Tv. Caviúna, 122 - Eucaliptos, Fazenda Rio Grande - PR, 83820-053",,,(41) 98746-8484,https://wa.me/5541987468484,Imobiliária,"Eucaliptos, Fazenda Rio Grande",1,5.0,-25.6510692,-49.3252776,1
Office of Farm Land Registry Rio Grande,"EDIF. BRANPAR OFFICE - R. Castanheira, 528 - 1º e 2ºandares - Eucaliptos, Fazenda Rio Grande - PR, 83820-056",registrofrg.com.br,https://www.registrofrg.com.br,(41) 3604-4264,https://wa.me/554136044264,Imobiliária,"Eucaliptos, Fazenda Rio Grande",134,3.7,-25.6510692,-49.3252776,1
AD Corretores de imóveis,"346, R. Sucupira, Fazenda Rio Grande - PR, 83820-482",,,(41) 99849-9901,https://wa.me/5541998499901,Imobiliária,"Eucaliptos, Fazenda Rio Grande",5,4.2,-25.6510692,-49.3252776,1
ALVES & ARRAIS IMÓVEIS,"R. Goiabeira, 126 - Loja 3 e 4 - Eucaliptos, Fazenda Rio Grande - PR, 83820-527",,,(41) 3060-3330,https://wa.me/554130603330,Imobiliária,"Eucaliptos, Fazenda Rio Grande",12,4.0,-25.6510692,-49.3252776,1
Corretor Elder Melo,"Av. Brasil, 3287 - Eucaliptos, Fazenda Rio Grande - PR, 83820-065",,,(41) 98750-1335,https://wa.me/5541987501335,Imobiliária,"Eucaliptos, Fazenda Rio Grande",2,5.0,-25.6357499,-49.3127868,1
Imóveis Agalli - Filial FRG,"Av. Araucárias, 142 - Loja 18 e 19 - Eucaliptos, Fazenda Rio Grande - PR, 83820-071",imoveisagalli.com.br,https://www.imoveisagalli.com.br,,,Imobiliária,"Eucaliptos, Fazenda Rio Grande",1,5.0,-25.6357499,-49.3127868,1
Betel Soluções Imobiliárias,"R. Sucupira, 241 - Eucaliptos, Fazenda Rio Grande - PR, 83820-482",betelimob.com,https://www.betelimob.com,(41) 99625-7809,https://wa.me/5541996257809,Imobiliária,"Eucaliptos, Fazenda Rio Grande",,,-25.6448013,-49.3293662,1
Adeodato,"Eucaliptos, Fazenda Rio Grande - State of Paraná",aloimoveis.com,https://www.aloimoveis.com,,,Imobiliária,"Eucaliptos, Fazenda Rio Grande",85,4.6,-25.6448013,-49.3293662,1
Agne imóveis - Imobiliária,"R. Castanheira, 598 - sala 07- 2 andar - Eucaliptos, Fazenda Rio Grande - PR, 83820-262",agneimoveis.com.br,https://www.agneimoveis.com.br,,,Imobiliária,"Eucaliptos, Fazenda Rio Grande",24,5.0,-25.6529361,-49.3288251,1
Investifaz Imóveis,"R. Jequitibá, 825 - Nações, Fazenda Rio Grande - PR, 83820-026",,,(41) 99797-2000,https://wa.me/5541997972000,Imobiliária,"Eucaliptos, Fazenda Rio Grande",1,5.0,-25.6529361,-49.3288251,1
Feirão de Imóveis Fazenda Rio Grande,"Av. Brasil, 4267-3899 - Eucaliptos, Fazenda Rio Grande - PR",,,(41) 3113-0404,https://wa.me/554131130404,Imobiliária,"Eucaliptos, Fazenda Rio Grande",,,-25.6304529,-49.3057028,1
Dinorti Empreendimentos,"R. Jacarandá, 82 - Sala 23 - Shopping Castelo, Fazenda Rio Grande - PR, 83825-014",,,(41) 99824-7980,https://wa.me/5541998247980,Imobiliária,"Eucaliptos, Fazenda Rio Grande",2,5.0,-25.6499393,-49.3295224,1
Leblon Administração de Bens Imóveis Ltda,"Eucaliptos, Fazenda Rio Grande - State of Paraná",,,,,Imobiliária,"Eucaliptos, Fazenda Rio Grande",,,-25.6333511,-49.3035563,1
ATOZO IMÓVEIS,"Av. Brasil, 2472 - Sala 09 - Nações, Fazenda Rio Grande - PR, 83820-262",atozoimoveis.com.br,https://www.atozoimoveis.com.br,(41) 99209-3228,https://wa.me/5541992093228,Imobiliária,"Eucaliptos, Fazenda Rio Grande",30,5.0,-25.6333511,-49.3035563,1
IRINEU FRITZ -Consultoria Imobiliaria,"Av. Brasil, 2472 - Nações, Fazenda Rio Grande - PR, 83823-050",irineufritz.com.br,https://www.irineufritz.com.br,(41) 99707-9079,https://wa.me/5541997079079,Imobiliária,"Eucaliptos, Fazenda Rio Grande",2,5.0,-25.6529393,-49.3263995,1
Afável Imoveis,"R. Itália, 120 - Nações, Fazenda Rio Grande - PR, 83823-020",afavelimoveis.com.br,https://www.afavelimoveis.com.br,(41) 3113-0708,https://wa.me/554131130708,Imobiliária,"Eucaliptos, Fazenda Rio Grande",20,3.6,-25.6529393,-49.3263995,1
Construtora Ziliotto,"Av. Venezuela - Eucaliptos, Fazenda Rio Grande - PR, 83820-455",instagram.com,https://www.instagram.com,(41) 98505-8002,https://wa.me/5541985058002,Imobiliária,"Eucaliptos, Fazenda Rio Grande",16,4.7,-25.6529393,-49.3263995,1
A Conceito - Engenharia e Marcenaria,"R. Erva-Mate, 98 - Eucaliptos, Fazenda Rio Grande - PR, 83820-424",,,,,Imobiliária,"Eucaliptos, Fazenda Rio Grande",,,-25.6423844,-49.3115677,1
Vórtex Imobiliária,"Av. Venezuela, 51 - sala 1 - 2º andar - Eucaliptos, Fazenda Rio Grande - PR, 83820-554",vorteximoveis.com.br,https://www.vorteximoveis.com.br,(41) 98781-3804,https://wa.me/5541987813804,Imobiliária,"Eucaliptos, Fazenda Rio Grande",3,5.0,-25.6423844,-49.3115677,1
Agil s.i ltda,"Av. Cedro, 383 - Eucaliptos, Fazenda Rio Grande - PR, 83820-004",,,(41) 98849-1556,https://wa.me/5541988491556,Imobiliária,"Eucaliptos, Fazenda Rio Grande",,,-25.6517768,-49.3254552,1
Pinzon Imóveis,"Av. Tomaz Edson de Andrade Vieira, 666 - Eucaliptos, Fazenda Rio Grande - PR, 83820-701",pinzonrealty.com.br,https://www.pinzonrealty.com.br,(41) 99590-9915,https://wa.me/5541995909915,Imobiliária,"Eucaliptos, Fazenda Rio Grande",,,-25.6395213,-49.3072071,1
Valente Imóveis,"Av. Brasil, 2259 - 4 - Eucaliptos, Fazenda Rio Grande - PR, 83820-470",api.whatsapp.com,https://www.api.whatsapp.com,(41) 99773-0238,https://wa.me/5541997730238,Imobiliária,"Eucaliptos, Fazenda Rio Grande",2,5.0,-25.6395213,-49.3072071,1
Residencial Clube Gralha Azul,"Av. Venezuela, 1827 - Eucaliptos, Fazenda Rio Grande - PR, 83820-455",,,,,Imobiliária,"Eucaliptos, Fazenda Rio Grande",40,4.4,-25.6513001,-49.3254241,1
Rica Imóveis,"R. Egito, 50 A - Nações, Fazenda Rio Grande - PR, 83823-024",ricaimoveis.imb.br,https://www.ricaimoveis.imb.br,(41) 98861-3200,https://wa.me/5541988613200,Imobiliária,"Eucaliptos, Fazenda Rio Grande",,,-25.6565836,-49.3108207,1
BF CORDEIRO IMÓVEIS,"Av. Brasil, 2118 - Eucaliptos, Fazenda Rio Grande - PR, 83823-044",,,(41) 99830-1081,https://wa.me/5541998301081,Imobiliária,"Eucaliptos, Fazenda Rio Grande",,,-25.6546399,-49.3288828,1
SG Castelo Imóveis,"R. Jacarandá, 82 - Sala 7B - Nações, Fazenda Rio Grande - PR, 83820-004",sgcastelo.com.br,https://www.sgcastelo.com.br,(41) 99699-0232,https://wa.me/5541996990232,Imobiliária,"Eucaliptos, Fazenda Rio Grande",14,4.5,-25.6546399,-49.3288828,1
Imóveis do Paraná,"Av. Holanda - Nações, Fazenda Rio Grande - PR, 83823-194",,,(41) 99943-0340,https://wa.me/5541999430340,Imobiliária,"Eucaliptos, Fazenda Rio Grande",2,4.5,-25.662925,-49.3119976,1
Fazenda Imóveis,"R. César Carelli, 789 - Iguaçu, Fazenda Rio Grande - PR, 83833-477",fazendaimoveis.com.br,https://www.fazendaimoveis.com.br,(41) 98703-7255,https://wa.me/5541987037255,Imobiliária,"Eucaliptos, Fazenda Rio Grande",2,5.0,-25.6449195,-49.3387553,1
Residencial Gregório,"Eucaliptos, Fazenda Rio Grande - State of Paraná",,,,,Imobiliária,"Eucaliptos, Fazenda Rio Grande",5,5.0,-25.6449195,-49.3387553,1
LUCCA Imobiliária,"Av. Cedro, 283 - Eucaliptos, Fazenda Rio Grande - PR, 83820-004",luccaimobiliaria.com.br,https://www.luccaimobiliaria.com.br,,,Imobiliária,"Eucaliptos, Fazenda Rio Grande",,,-25.6483822,-49.3275016,1
Sabre corretores de imóveis,"Av. Brasil, 2473 - Sobreloja - Nações, Fazenda Rio Grande - PR, 83820-470",sabrecorretoresdeimoveis.com.br,https://www.sabrecorretoresdeimoveis.com.br,(41) 99939-4031,https://wa.me/5541999394031,Imobiliária,"Eucaliptos, Fazenda Rio Grande",10,5.0,-25.6483822,-49.3275016,1
R. A. Almeida & Cia LTDA,"Torre do Sol - R. Francisco Claudino dos Santos, 354 - Pioneiros, Fazenda Rio Grande - PR, 83833-008",raalmeida.com.br,https://www.raalmeida.com.br,(41) 3060-2031,https://wa.me/554130602031,Imobiliária,"Eucaliptos, Fazenda Rio Grande",3,5.0,-25.6483822,-49.3275016,1
Casa Fácil,"R. César Carelli, 375 - sala 17 - Pioneiros, Fazenda Rio Grande - PR, 83833-054",casafacil.imovel.in,https://www.casafacil.imovel.in,(41) 98898-1411,https://wa.me/5541988981411,Imobiliária,"Eucaliptos, Fazenda Rio Grande",1,5.0,-25.6483822,-49.3275016,1
CJK Soluções Imobiliárias,"Av. Brasil, n° 1725 - Eucaliptos, Fazenda Rio Grande - PR, 83820-065",cjksolucoesimobiliarias.com.br,https://www.cjksolucoesimobiliarias.com.br,(41) 98728-4126,https://wa.me/5541987284126,Imobiliária,"Eucaliptos, Fazenda Rio Grande",,,-25.6483822,-49.3275016,1
Milênio Gold Imóveis,"R. Rio Eufrates, 65 - Sala 10 - Iguaçu, Fazenda Rio Grande - PR, 83833-088",imoveismilenio.com.br,https://www.imoveismilenio.com.br,(41) 98862-8021,https://wa.me/5541988628021,Imobiliária,"Eucaliptos, Fazenda Rio Grande",,,-25.6483822,-49.3275016,1
Siao Imoveis,"Av. das Américas, 200 - Eucaliptos, Fazenda Rio Grande - PR, 83820-027",siaoimoveis.com,https://www.siaoimoveis.com,(41) 3373-4500,https://wa.me/554133734500,Imobiliária,"Eucaliptos, Fazenda Rio Grande",1,1.0,-25.6483822,-49.3275016,1
Condomínio Industrial - Green Company,"Av. Francisco Ferreira da Cruz, 6030 - Eucaliptos, Fazenda Rio Grande - PR, 83820-293",,,(41) 98851-2991,https://wa.me/5541988512991,Imobiliária,"Eucaliptos, Fazenda Rio Grande",65,4.3,-25.6465498,-49.2793401,1
Escritório Imobiliário Nelson Kachinski,"Av. Carlos Eduardo Nichele, 1542 - 04 - Iguaçu, Fazenda Rio Grande - PR, 83833-022",,,(41) 3627-1672,https://wa.me/554136271672,Imobiliária,"Eucaliptos, Fazenda Rio Grande",1,5.0,-25.6452708,-49.3316482,1
MOSI Imóveis,"R. César Carelli, 335 - Sala 8 - Iguaçu, Fazenda Rio Grande - PR, 83833-054",,,(41) 99195-5886,https://wa.me/5541991955886,Imobiliária,"Eucaliptos, Fazenda Rio Grande",11,2.9,-25.6452708,-49.3316482,1
Incorporadora Edifika,"R. Inglaterra, 76 - Eucaliptos, Fazenda Rio Grande - PR, 83820-038",incorporadoraedifika.com.br,https://www.incorporadoraedifika.com.br,(41) 99532-2720,https://wa.me/5541995322720,Imobiliária,"Eucaliptos, Fazenda Rio Grande",1,5.0,-25.6452708,-49.3316482,1
Bairro Eucaliptos,"R. Quaresmeira, 210 - Eucaliptos, Fazenda Rio Grande - PR, 83820-494",,,,,Imobiliária,"Eucaliptos, Fazenda Rio Grande",3,4.3,-25.644144,-49.32039,1
Jr Pelanda Imóveis,"R. França, 503 - Eucaliptos, Fazenda Rio Grande - PR, 83820-029",,,(41) 3060-1900,https://wa.me/554130601900,Imobiliária,"Eucaliptos, Fazenda Rio Grande",,,-25.644144,-49.32039,1
GVZ Imóveis,"Av. Cedro, 343 - sala 4 - Eucaliptos, Fazenda Rio Grande - PR, 83820-004",,,(41) 3550-1450,https://wa.me/554135501450,Imobiliária,"Eucaliptos, Fazenda Rio Grande",,,-25.644144,-49.32039,1
Route Imobiliária Corporativa,"R. Prof. Alfredo Gonchorovski, 25 - Pioneiros, Fazenda Rio Grande - PR, 83833-044",routeimoveis.com.br,https://www.routeimoveis.com.br,(41) 3150-5049,https://wa.me/554131505049,Imobiliária,"Eucaliptos, Fazenda Rio Grande",,,-25.644144,-49.32039,1
Imobiliária Marcondes,"Av. Portugal, 1707 - Nações, Fazenda Rio Grande - PR, 83823-343",imobiliariamarcondes.com.br,https://www.imobiliariamarcondes.com.br,(41) 3604-6776,https://wa.me/554136046776,Imobiliária,"Eucaliptos, Fazenda Rio Grande",161,4.4,-25.6415038,-49.3313887,1
Casa Bella FRG,"Av. Cedro, 609 - Eucaliptos, Fazenda Rio Grande - PR, 83820-524",casabellafrg.com.br,https://www.casabellafrg.com.br,,,Imobiliária,"Eucaliptos, Fazenda Rio Grande",,,-25.668112,-49.3226284,1
Fernanda Oliveira Corretora de Imóveis- Fazenda Rio Grande-PR.,,,,(41) 99864-7235,https://wa.me/5541998647235,Imobiliária,"Eucaliptos, Fazenda Rio Grande",3,3.7,-25.5320956,-49.3078226,1
Chanel Imóveis,"Av. Brasil, 2520 - Nações, Fazenda Rio Grande - PR, 83820-262",,,(41) 3627-0967,https://wa.me/554136270967,Imobiliária,"Eucaliptos, Fazenda Rio Grande",1,5.0,-25.6534938,-49.3263534,1
JKF IMÓVEIS,"Av. Brasil, 2057 - Nações, Fazenda Rio Grande - PR, 83820-065",,,(41) 99993-7641,https://wa.me/5541999937641,Imobiliária,"Eucaliptos, Fazenda Rio Grande",,,-25.6534938,-49.3263534,1
França Imóveis,"Av. Brasil, 2118 - Nações, Fazenda Rio Grande - PR, 83823-044",dfrancaimoveis.com.br,https://www.dfrancaimoveis.com.br,(41) 98750-3814,https://wa.me/5541987503814,Imobiliária,"Eucaliptos, Fazenda Rio Grande",12,5.0,-25.6534938,-49.3263534,1
Gratidão imóveis,"R. Grécia, 114 - sala 07 - Nações, Fazenda Rio Grande - PR, 83823-016",instagram.com,https://www.instagram.com,(41) 99731-8312,https://wa.me/5541997318312,Imobiliária,"Eucaliptos, Fazenda Rio Grande",2,5.0,-25.6534938,-49.3263534,1
S Invest,"R. César Carelli, 440 - Pioneiros, Fazenda Rio Grande - PR, 83833-477",,,,,Imobiliária,"Eucaliptos, Fazenda Rio Grande",1,5.0,-25.6534938,-49.3263534,1
Portela Franco Imóveis,"Av. Brasil, 2508 - Nações, Fazenda Rio Grande - PR, 83823-050",portelafrancoimoveis.com.br,https://www.portelafrancoimoveis.com.br,(41) 99874-6779,https://wa.me/5541998746779,Imobiliária,"Eucaliptos, Fazenda Rio Grande",1,5.0,-25.6533907,-49.3263621,1
Joisse Corretora,"R. Inglaterra, 340 - sala 04 - Nações, Fazenda Rio Grande - PR, 83823-008",,,(41) 99611-5441,https://wa.me/5541996115441,Imobiliária,"Eucaliptos, Fazenda Rio Grande",,,-25.6533907,-49.3263621,1
Imoveis Klazz,"Av. Cedro - Eucaliptos, Fazenda Rio Grande - PR, 83820-004",,,(41) 3608-3997,https://wa.me/554136083997,Imobiliária,"Eucaliptos, Fazenda Rio Grande",,,-25.6533907,-49.3263621,1
Senhor Imóveis,"R. César Carelli, 335 - Pioneiros, Fazenda Rio Grande - PR, 83833-054",,,(41) 99252-9023,https://wa.me/5541992529023,Imobiliária,"Eucaliptos, Fazenda Rio Grande",8,3.9,-25.6533907,-49.3263621,1
Loteamento Ecolife,"Av. Girassol - Eucaliptos, Fazenda Rio Grande - PR, 83820-689",fortisimoveis.com.br,https://www.fortisimoveis.com.br,,,Imobiliária,"Eucaliptos, Fazenda Rio Grande",7,4.6,-25.6304874,-49.3120056,1
Boa Compra Imóveis,"Av. Áustria, 435 - Nações, Fazenda Rio Grande - PR, 83823-098",boacompra.imb.br,https://www.boacompra.imb.br,(41) 3347-0848,https://wa.me/554133470848,Imobiliária,"Eucaliptos, Fazenda Rio Grande",16,5.0,-25.6611674,-49.3263509,1
Ana Haach Corretora,"Av. Brasil, 2155 - Eucaliptos, Fazenda Rio Grande - PR, 83820-470",,,(41) 98744-7697,https://wa.me/5541987447697,Imobiliária,"Eucaliptos, Fazenda Rio Grande",,,-25.6611674,-49.3263509,1
Raa Imóveis,"Av. Araucárias, 123 - Eucaliptos, Fazenda Rio Grande - PR, 83820-071",,,,,Imobiliária,"Eucaliptos, Fazenda Rio Grande",,,-25.6442514,-49.3290803,1
Plantão DeVille Imoveis,"Av. Portugal, 3333 - Nações, Fazenda Rio Grande - PR, 83824-520",devillevendas.com.br,https://www.devillevendas.com.br,(41) 99622-7000,https://wa.me/5541996227000,Imobiliária,"Eucaliptos, Fazenda Rio Grande",3,3.7,-25.6786276,-49.3143323,1
Imobiliária J A Santi e Cia,"Av. Carlos Eduardo Nichele, 1542 - Pioneiros, Fazenda Rio Grande - PR, 83833-022",,,(41) 3604-5719,https://wa.me/554136045719,Imobiliária,"Eucaliptos, Fazenda Rio Grande",,,-25.645008,-49.3312764,1
M7 Soluções Imobiliárias- Fazenda Rio Grande,"R. Rio Eufrates, 65 - Iguaçu, Fazenda Rio Grande - PR, 83833-088",m7solucoesimobiliarias.com.br,https://www.m7solucoesimobiliarias.com.br,(41) 99952-2488,https://wa.me/5541999522488,Imobiliária,"Gralha Azul, Fazenda Rio Grande",312,5.0,-25.6450073,-49.3312764,1
RM Imóveis,"R. Macedônia, 137 - Nações, Fazenda Rio Grande - PR, 83823-010",rmimoveisprime.com.br,https://www.rmimoveisprime.com.br,(41) 3627-2444,https://wa.me/554136272444,Imobiliária,"Gralha Azul, Fazenda Rio Grande",449,4.4,-25.6450073,-49.3312764,1
Porto Imóveis,"R. Pitangueira, 73 - Eucaliptos, Fazenda Rio Grande - PR, 83820-047",portoimoveisfrg.com.br,https://www.portoimoveisfrg.com.br,(41) 98495-3434,https://wa.me/5541984953434,Imobiliária,"Gralha Azul, Fazenda Rio Grande",49,5.0,-25.6431518,-49.3334455,1
Imobiliária Imovlar,"R. Santo Antero, 85 - Santa Terezinha, Fazenda Rio Grande - PR, 83829-040",imobiliariaimovlar.com.br,https://www.imobiliariaimovlar.com.br,(41) 98454-7862,https://wa.me/5541984547862,Imobiliária,"Gralha Azul, Fazenda Rio Grande",3,5.0,-25.6529393,-49.3263995,1
NEW LAR IMÓVEIS,"Av. Nossa Senhora Aparecida, 980 - Santa Terezinha, Fazenda Rio Grande - PR, 83829-091",,,(41) 99707-4469,https://wa.me/5541997074469,Imobiliária,"Gralha Azul, Fazenda Rio Grande",40,5.0,-25.6529393,-49.3263995,1
Meraki Corretores Imobiliários,"Av. Araucárias, 757 - Sala 6 - Eucaliptos, Fazenda Rio Grande - PR, 83820-512",merakicorretores.com.br,https://www.merakicorretores.com.br,(41) 98427-5667,https://wa.me/5541984275667,Imobiliária,"Gralha Azul, Fazenda Rio Grande",6,5.0,-25.653766,-49.3397747,1
American Soluções Imobiliárias,"Av. Paraguai, 151 - Nações, Fazenda Rio Grande - PR, 83823-026",americanimobiliaria.com.br,https://www.americanimobiliaria.com.br,(41) 3627-2965,https://wa.me/554136272965,Imobiliária,"Gralha Azul, Fazenda Rio Grande",15,5.0,-25.644985,-49.3228162,1
Condomínio Gralha azul II,"R. Biguá, 1337 - Gralha Azul, Fazenda Rio Grande - PR, 83824-466",,,,,Imobiliária,"Gralha Azul, Fazenda Rio Grande",12,4.8,-25.644985,-49.3228162,1
PEREIRA IMÓVEIS,"Av. Condor, 495 - C1 - Gralha Azul, Fazenda Rio Grande - PR, 83824-304",achavedasuacasa.com.br,https://www.achavedasuacasa.com.br,(41) 99956-1086,https://wa.me/5541999561086,Imobiliária,"Gralha Azul, Fazenda Rio Grande",2,5.0,-25.6397629,-49.3193622,1
Autêntica Imobiliária,"Av. Brasil, 2118 - Sala 10 - Nações, Fazenda Rio Grande - PR, 83823-044",,,(41) 99208-3103,https://wa.me/5541992083103,Imobiliária,"Gralha Azul, Fazenda Rio Grande",5,5.0,-25.6754077,-49.3270498,1
Empreendimentos Imobiliários Ltda,"R. Carlos Drummond de Andrade, 1456 - Gralha Azul, Fazenda Rio Grande - PR, 83825-145",,,(41) 99245-0326,https://wa.me/5541992450326,Imobiliária,"Gralha Azul, Fazenda Rio Grande",,,-25.7005616,-49.3238233,1
Macena Imoveis,"Av. Portugal, 2808 - Gralha Azul, Fazenda Rio Grande - PR, 83824-462",,,,,Imobiliária,"Gralha Azul, Fazenda Rio Grande",26,5.0,-25.6456126,-49.3226607,1
Gralha Azul,,,,,,Imobiliária,"Gralha Azul, Fazenda Rio Grande",,,-25.6704283,-49.3415937,1
i9 - INOVE IMÓVEIS,"RUA GOIABEIRA Nº 99 - SOBRE LOJA - SALA 03, Fazenda Rio Grande - PR, 83820-527",business.google.com,https://www.business.google.com,(41) 99577-4757,https://wa.me/5541995774757,Imobiliária,"Gralha Azul, Fazenda Rio Grande",1,5.0,-25.6704283,-49.3415937,1
Deville Imóveis,"Av. Portugal, 3602 - Gralha Azul, Fazenda Rio Grande - PR, 83824-462",devillevendas.com.br,https://www.devillevendas.com.br,(41) 99622-7000,https://wa.me/5541996227000,Imobiliária,"Gralha Azul, Fazenda Rio Grande",8,3.6,-25.6802672,-49.3309576,1
Realização Imóveis,"R. Manoel Claudino Barbosa, 1806 - Pioneiros, Fazenda Rio Grande - PR, 83833-082",,,(41) 99870-5993,https://wa.me/5541998705993,Imobiliária,"Gralha Azul, Fazenda Rio Grande",3,5.0,-25.6444947,-49.3457612,1
Pereira Imóveis,"Av. Condor, 955 - Gralha Azul, Fazenda Rio Grande - PR, 83824-304",,,,,Imobiliária,"Gralha Azul, Fazenda Rio Grande",,,-25.6734909,-49.34134,1
Porto Residencial,"R. Papagaio, 1780 - Gralha Azul, casa 9 - Azul, Fazenda Rio Grande - PR, 83824-197",,,,,Imobiliária,"Gralha Azul, Fazenda Rio Grande",21,4.3,-25.6734909,-49.34134,1
Eduardo Ribeiro Corretores de Imóveis,"Av. Brasil, 2910 - sala 03 - Nações, Fazenda Rio Grande - PR, 83826-262",eduardoribeiroimoveis.com.br,https://www.eduardoribeiroimoveis.com.br,(41) 3070-2354,https://wa.me/554130702354,Imobiliária,"Gralha Azul, Fazenda Rio Grande",1,5.0,-25.6475333,-49.3331522,1
CARDOZO CORRETORA DE IMÓVEIS,"Green Field - Av. Tomaz Edson de Andrade Vieira, 843 - Eucaliptos, Fazenda Rio Grande - PR, 83820-701",facebook.com,https://www.facebook.com,(41) 3550-0777,https://wa.me/554135500777,Imobiliária,"Gralha Azul, Fazenda Rio Grande",24,4.2,-25.6475333,-49.3331522,1
Loteamento Bosque Santo Antônio,"R. Pintasilgo, 330 - Gralha Azul, Fazenda Rio Grande - PR, 83824-458",,,,,Imobiliária,"Gralha Azul, Fazenda Rio Grande",56,4.5,-25.6475333,-49.3331522,1
Danielle Ferreira imóveis,"Av. Nossa Senhora Aparecida, sala 2 - Santa Terezinha, Fazenda Rio Grande - PR, 83829-091",,,(41) 99516-3530,https://wa.me/5541995163530,Imobiliária,"Gralha Azul, Fazenda Rio Grande",1,5.0,-25.6450496,-49.3526846,1
chaveiro automotivo e residêncial,"Rua condor 555, Rua Dionísio markovick, 182, Fazenda Rio Grande - PR, 83824-478",,,(41) 98725-9870,https://wa.me/5541987259870,Imobiliária,"Gralha Azul, Fazenda Rio Grande",5,4.2,-25.6450496,-49.3526846,1
Supermercado Gralha Azul,"Av. Portugal, 1906 - Gralha Azul, Fazenda Rio Grande - PR, 83824-245",lojalocal.com,https://www.lojalocal.com,(41) 3627-7040,https://wa.me/554136277040,Imobiliária,"Gralha Azul, Fazenda Rio Grande",1321,4.2,-25.6484362,-49.3423733,1
Unidade de saude Gralha Azul,"Av. Portugal, 1866 - Nações, Fazenda Rio Grande - PR, 83824-245",fazendariogrande.pr.gov.br,https://www.fazendariogrande.pr.gov.br,3627-8583,https://wa.me/5536278583,Imobiliária,"Gralha Azul, Fazenda Rio Grande",53,2.9,-25.6484362,-49.3423733,1
Casara Imóveis,"Av. Islândia, 752 - Nações, Fazenda Rio Grande - PR, 83823-319",casaraimoveis.com.br,https://www.casaraimoveis.com.br,(41) 3016-3652,https://wa.me/554130163652,Imobiliária,"Gralha Azul, Fazenda Rio Grande",,,-25.6484362,-49.3423733,1
Gralha azul,"Rua Melro - Gralha Azul, Fazenda Rio Grande - PR, 83824-036",,,,,Imobiliária,"Gralha Azul, Fazenda Rio Grande",,,-25.6484362,-49.3423733,1
Indespar,"R. Prof. Alfredo Gonchorovski, 25 - Pioneiros, Fazenda Rio Grande - PR, 83833-044",indespar.com.br,https://www.indespar.com.br,(41) 3150-5049,https://wa.me/554131505049,Imobiliária,"Gralha Azul, Fazenda Rio Grande",3,5.0,-25.6484362,-49.3423733,1
PINZON IMÓVEIS - VENDA E LOCAÇÃO,,,,(41) 3113-0404,https://wa.me/554131130404,Imobiliária,"Gralha Azul, Fazenda Rio Grande",16,4.5,-25.6484362,-49.3423733,1
Rio Sul imobiliária,"R. Rio Tejo, 140 - Iguaçu, Fazenda Rio Grande - PR, 83833-096",riosulimobiliaria.com.br,https://www.riosulimobiliaria.com.br,(41) 99905-2199,https://wa.me/5541999052199,Imobiliária,"Gralha Azul, Fazenda Rio Grande",,,-25.6484362,-49.3423733,1
Deville Imoveis,"Estados, Fazenda Rio Grande - State of Paraná",devilleimoveis.com.br,https://www.devilleimoveis.com.br,(41) 99622-7000,https://wa.me/5541996227000,Imobiliária,"Gralha Azul, Fazenda Rio Grande",,,-25.6484362,-49.3423733,1
Aliança Incorporações Imobiliárias,"Av. Brasil, 2057 - Nações, Fazenda Rio Grande - PR, 83820-065",,,(41) 98513-1372,https://wa.me/5541985131372,Imobiliária,"Gralha Azul, Fazenda Rio Grande",,,-25.6484362,-49.3423733,1
Condomínio Residencial Nações Unidas,"R. Libía, 289 - Nações, Fazenda Rio Grande - PR, 83823-265",,,(41) 99507-6149,https://wa.me/5541995076149,Imobiliária,"Nações, Fazenda Rio Grande",43,4.7,-25.6484333,-49.3423733,1
Escáfura Imóveis Filial Nações,"Tv. Bélgica, 200 - Sala 05 - Nações, Fazenda Rio Grande - PR, 83823-012",,,(41) 3604-3472,https://wa.me/554136043472,Imobiliária,"Nações, Fazenda Rio Grande",,,-25.6534938,-49.3443779,1
Casagora,"Rua England, 364 - Room 01 - Nações, Fazenda Rio Grande - PR, 83823-198",imobiliariacasagora.com.br,https://www.imobiliariacasagora.com.br,,,Imobiliária,"Nações, Fazenda Rio Grande",,,-25.6534938,-49.3443779,1
Massayó Imóveis PR,"R. Macedônia, 263 - Nações, Fazenda Rio Grande - PR, 83823-010",massayoimoveis.com.br,https://www.massayoimoveis.com.br,(41) 99907-4266,https://wa.me/5541999074266,Imobiliária,"Nações, Fazenda Rio Grande",3,4.0,-25.6534938,-49.3443779,1
Ramos Imóveis,"R. César Carelli, 90 - 5° Andar, Sala 504 - Pioneiros, Fazenda Rio Grande - PR, 83833-080",ramosimoveis.com,https://www.ramosimoveis.com,(41) 98420-3636,https://wa.me/5541984203636,Imobiliária,"Nações, Fazenda Rio Grande",5,4.2,-25.6534938,-49.3443779,1
Ityzio Corretores de Imóveis,"Avenida Tomaz Edson de Andrade Vieira, 545, R. Leucena, 365 - Eucaliptos, Fazenda Rio Grande - PR, 83820-701",,,(41) 3536-3906,https://wa.me/554135363906,Imobiliária,"Nações, Fazenda Rio Grande",,,-25.6534938,-49.3443779,1
Paraná Imóveis,"Av. Nossa Senhora Aparecida, 806 - Sala 16 - Santa Terezinha, Fazenda Rio Grande - PR, 83829-018",paranaimoveisfrg.com.br,https://www.paranaimoveisfrg.com.br,(41) 3060-3836,https://wa.me/554130603836,Imobiliária,"Nações, Fazenda Rio Grande",3,4.0,-25.6535446,-49.3557302,1
Residential Woods Ipe 2,"Av. Nossa Senhora Aparecida, 2633 - Santa Terezinha, Fazenda Rio Grande - PR",trocon.com.br,https://www.trocon.com.br,,,Imobiliária,"Santa Terezinha, Fazenda Rio Grande",243,4.5,-25.6449127,-49.3534037,1
assisbFazenda Rio Grande,"Rua Pioneiros, 947 - Santa Terezinha, Fazenda Rio Grande - PR, 81620-000",r.com.br,https://www.r.com.br,(41) 98410-3321,https://wa.me/5541984103321,Imobiliária,"Santa Terezinha, Fazenda Rio Grande",25,4.4,-25.6449127,-49.3534037,1
Residencial Pantheon,"R. São Romão, 173 - Santa Terezinha, Fazenda Rio Grande - PR, 83829-070",,,,,Imobiliária,"Santa Terezinha, Fazenda Rio Grande",206,4.5,-25.6449127,-49.3534037,1
Condomínio Residencial Terra Santa,"Av. Nossa Senhora Aparecida, 490 - Santa Terezinha, Fazenda Rio Grande - PR, 83829-020",,,,,Imobiliária,"Santa Terezinha, Fazenda Rio Grande",50,4.3,-25.6449127,-49.3534037,1
Bosque das Araucárias,"Unnamed Road - Santa Terezinha, PR",,,,,Imobiliária,"Santa Terezinha, Fazenda Rio Grande",28,4.8,-25.6449127,-49.3534037,1
Zanão Soluções Imobiliarias,"Edifício Pioneiros - R. Francisco Claudino dos Santos, 245 - segundo andar, sala 04 - Pioneiros, Fazenda Rio Grande - PR, 83833-056",zanaoimoveis.com.br,https://www.zanaoimoveis.com.br,(41) 3411-3722,https://wa.me/554134113722,Imobiliária,"Santa Terezinha, Fazenda Rio Grande",25,4.8,-25.6449127,-49.3534037,1
Santa Terezinha,,,,,,Imobiliária,"Santa Terezinha, Fazenda Rio Grande",,,-25.6449127,-49.3534037,1
Paris Imoveis,"Rua Pioneiros, 947 - Santa Terezinha, Fazenda Rio Grande - PR, 81620-000",,,,,Imobiliária,"Santa Terezinha, Fazenda Rio Grande",,,-25.6599148,-49.4002358,1
Condo Bella Cabral,"R. Jaguariaíva, 1481 - Santa Terezinha, Fazenda Rio Grande - PR, 83830-033",,,(41) 99219-4351,https://wa.me/5541992194351,Imobiliária,"Santa Terezinha, Fazenda Rio Grande",195,4.1,-25.6599148,-49.4002358,1
Vendas Condomínio Villaggio Giardino Dunimi,"Av. Carlos Eduardo Nichele, 2844 - Santa Terezinha, Fazenda Rio Grande - PR, 83829-004",condominiodunimi.com.br,https://www.condominiodunimi.com.br,(41) 98727-5885,https://wa.me/5541987275885,Imobiliária,"Santa Terezinha, Fazenda Rio Grande",5,5.0,-25.6599148,-49.4002358,1
Fazenda Home Clube,"Av. Nossa Senhora Aparecida, 2370 - Santa Terezinha, Fazenda Rio Grande - PR, 83829-298",,,(41) 3021-1158,https://wa.me/554130211158,Imobiliária,"Santa Terezinha, Fazenda Rio Grande",24,5.0,-25.6599148,-49.4002358,1
Condomínio Residencial Guaporé,"Av. Mato Grosso, 2316 - Santa Terezinha, Fazenda Rio Grande - PR, 83830-481",,,(41) 99276-1940,https://wa.me/5541992761940,Imobiliária,"Santa Terezinha, Fazenda Rio Grande",,,-25.6599148,-49.4002358,1
Belle Ville,"Av. Nossa Senhora Aparecida - Santa Terezinha, Fazenda Rio Grande - PR, 83829-204",,,,,Imobiliária,"Santa Terezinha, Fazenda Rio Grande",1,5.0,-25.6599148,-49.4002358,1
Nilton Roberto Sturmer Corretor de Imoveis,"R. Rio Tejo, 796 - Iguaçu, Fazenda Rio Grande - PR, 83833-098",sturmer-imoveis.ueniweb.com,https://www.sturmer-imoveis.ueniweb.com,(41) 99897-1923,https://wa.me/5541998971923,Imobiliária,"Santa Terezinha, Fazenda Rio Grande",,,-25.6384717,-49.3632027,1
Eliaquim Imóveis,"Av. Rio Amazonas, 1360 - Iguaçu, Fazenda Rio Grande - PR, 83833-505",,,,,Imobiliária,"Santa Terezinha, Fazenda Rio Grande",1,5.0,-25.6384717,-49.3632027,1
Alice Tieko IV Condomínio Residencial,"Av. Rio Amazonas, 3341 - Estados, Fazenda Rio Grande - PR, 83830-469",,,,,Imobiliária,"Santa Terezinha, Fazenda Rio Grande",189,4.4,-25.6384717,-49.3632027,1
Loteamento bosque das araucárias,"Travessa Santa Verônica - Santa Terezinha, Fazenda Rio Grande - PR",,,,,Imobiliária,"Santa Terezinha, Fazenda Rio Grande",,,-25.6517283,-49.4129912,1
CONDOMÍNIO RESIDENCIAL VILLAGE AMAZONAS,"Av. Rio Amazonas, 3845 - Estados, Fazenda Rio Grande - PR, 83829-068",,,,,Imobiliária,"Santa Terezinha, Fazenda Rio Grande",109,4.3,-25.635954,-49.3646975,1
Dilar Imóveis,"Av. Mato Grosso, 2490 - sala 51 e 52 - Santa Terezinha, Fazenda Rio Grande - PR, 83830-488",imoveisdilar.com.br,https://www.imoveisdilar.com.br,(41) 99146-8933,https://wa.me/5541991468933,Imobiliária,"Iguaçu, Fazenda Rio Grande",28,4.9,-25.6656197,-49.3529063,1
Cadastro minha casa minha vida,"R. Rio Paraná, 598 - Iguaçu, Fazenda Rio Grande - PR, 83833-283",,,(41) 98785-2478,https://wa.me/5541987852478,Imobiliária,"Iguaçu, Fazenda Rio Grande",,,-25.6656197,-49.3529063,1
Aviva Imóveis,"R. Rio Ivaí, 828 - sala 04 - Iguaçu, Fazenda Rio Grande - PR, 83833-509",facebook.com,https://www.facebook.com,,,Imobiliária,"Iguaçu, Fazenda Rio Grande",2,2.5,-25.6483822,-49.3275016,1
Green Portugal II,"R. Paris - Nações, Fazenda Rio Grande - PR",,,,,Imobiliária,"Iguaçu, Fazenda Rio Grande",31,4.5,-25.6517768,-49.3254552,1
Deville Imoveis,"Av. Brasil, 3.702 - Eucaliptos, Fazenda Rio Grande - PR, 83820-065",devillevendas.com.br,https://www.devillevendas.com.br,(41) 99622-7000,https://wa.me/5541996227000,Imobiliária,"Iguaçu, Fazenda Rio Grande",2,5.0,-25.6331051,-49.3095975,1
Terrenos financiados,"Av. Nossa Senhora Aparecida - Santa Terezinha, Fazenda Rio Grande - PR, 83829-091",,,(41) 99763-0358,https://wa.me/5541997630358,Imobiliária,"Iguaçu, Fazenda Rio Grande",,,-25.6483232,-49.326927,1
Móveis Iguaçu (Móveis Sob Medida),"R. Rio Palmeirinha, 331 - Iguaçu, Fazenda Rio Grande - PR, 83833-517",instagram.com,https://www.instagram.com,(41) 3604-8655,https://wa.me/554136048655,Imobiliária,"Iguaçu, Fazenda Rio Grande",43,4.9,-25.6541273,-49.3399061,1
Moveis,"Av. Brasil, 1871 - Nações, Fazenda Rio Grande - PR, 83820-065",zigimoveis.com.br,https://www.zigimoveis.com.br,(41) 99861-7132,https://wa.me/5541998617132,Imobiliária,"Iguaçu, Fazenda Rio Grande",,,-25.6478067,-49.3244716,1
VIP Imóveis,"R. Macapá, 131 - Sala 27 - Estados, Fazenda Rio Grande - PR, 83830-743",vipimoveisfrg.com.br,https://www.vipimoveisfrg.com.br,(41) 98417-8225,https://wa.me/5541984178225,Imobiliária,"Estados, Fazenda Rio Grande",2,5.0,-25.653766,-49.3938481,1
Nex Imóveis,"Estados, Fazenda Rio Grande - State of Paraná",,,,,Imobiliária,"Estados, Fazenda Rio Grande",,,-25.653766,-49.3938481,1
Nascimento Imóveis,"Residência Vitória. - R. Tv. Pien, 450 - casa 05 - Estados, Fazenda Rio Grande - PR, 83830-430",,,(41) 99993-4032,https://wa.me/5541999934032,Imobiliária,"Estados, Fazenda Rio Grande",,,-25.653766,-49.3938481,1
imobiliária Imovlar,"R. Santa Rita de Cássia - Santa Terezinha, Fazenda Rio Grande - PR, 83829-246",imobiliariaimovlar.com.br,https://www.imobiliariaimovlar.com.br,(41) 98454-7862,https://wa.me/5541984547862,Imobiliária,"Estados, Fazenda Rio Grande",2,5.0,-25.653766,-49.3938481,1
Plantão de Vendas Deville,"Estados, Fazenda Rio Grande - State of Paraná",,,,,Imobiliária,"Estados, Fazenda Rio Grande",,,-25.653766,-49.3938481,1
MS Imóveis,"R. Carlos Drummond de Andrade, 1456 - Jardim Veneza, Fazenda Rio Grande - PR, 83825-145",,,(41) 99245-0326,https://wa.me/5541992450326,Imobiliária,"Estados, Fazenda Rio Grande",3,5.0,-25.653766,-49.3938481,1
Pioneiros,,,,,,Imobiliária,"Pioneiros, Fazenda Rio Grande",,,-25.6497459,-49.3861744,1
Edifício Polaris,"R. Manoel Claudino Barbosa, 1380 - Iguaçu, Fazenda Rio Grande - PR, 83833-014",,,,,Imobiliária,"Pioneiros, Fazenda Rio Grande",,,-25.6533907,-49.3173499,1
Atlântico Casas Montadas,"Av. Carlos Eduardo Nichele, 1382 - Loja7 - Pioneiros, Fazenda Rio Grande - PR, 83833-022",atlanticocasas.wixsite.com,https://www.atlanticocasas.wixsite.com,(41) 3060-0369,https://wa.me/554130600369,Imobiliária,"Pioneiros, Fazenda Rio Grande",8,2.1,-25.6504033,-49.3164244,1
M G Corretora de Imóveis,"Esquina com - Rua Leonar Francischelli, R. Prof. Duílio Calderari, n° 2011 - Jardim Paulista, Campina Grande do Sul - PR, 83430-000",corretoramg.com.br,https://www.corretoramg.com.br,(41) 3679-1094,https://wa.me/554136791094,Imobiliária,"Jardim Paulista, Campina Grande do Sul",124,4.6,-25.3534532,-49.1183963,1
M Mocelin - Negócios Imobiliários,"R. Prof. Duílio Calderari, 1903 - Jardim Paulista, Campina Grande do Sul - PR, 83430-000",mmocelin.com.br,https://www.mmocelin.com.br,(41) 3679-4056,https://wa.me/554136794056,Imobiliária,"Jardim Paulista, Campina Grande do Sul",87,4.4,-25.364425,-49.1380389,1
Amppliata Imóveis,"Av. Augusto Staben, 1496 A - Jardim Paulista, Campina Grande do Sul - PR, 83430-000",amppliataimoveis.com.br,https://www.amppliataimoveis.com.br,(41) 3676-0010,https://wa.me/554136760010,Imobiliária,"Jardim Paulista, Campina Grande do Sul",151,4.3,-25.364425,-49.1380389,1
Votecoski Negócios Imobiliários,"R. Prof. Duílio Calderari, 1705 - Jardim Paulista, Campina Grande do Sul - PR, 83430-000",votecoski.com.br,https://www.votecoski.com.br,(41) 3679-7328,https://wa.me/554136797328,Imobiliária,"Jardim Paulista, Campina Grande do Sul",58,4.6,-25.364425,-49.1380389,1
Tudy Imoveis (agora e Goetz Corretora de Imoveis),"Rua Angelo Antonio Zanchettin 246 sala 06 sobreloja - Jardim Paulista, Campina Grande do Sul - PR, 83430-000",goetzcorretoradeimoveis.com.br,https://www.goetzcorretoradeimoveis.com.br,(41) 99949-0500,https://wa.me/5541999490500,Imobiliária,"Jardim Paulista, Campina Grande do Sul",32,4.5,-25.364425,-49.1380389,1
L CASA CONSTRUTORA EMPREENDIMENTOS IMOBILIARIOS,"Av. Augusto Staben, 900 - Jardim Paulista, Campina Grande do Sul - PR, 83430-000",lcasaimobiliaria.com.br,https://www.lcasaimobiliaria.com.br,(41) 99194-3994,https://wa.me/5541991943994,Imobiliária,"Jardim Paulista, Campina Grande do Sul",21,5.0,-25.364425,-49.1380389,1
Israel Oliveira de Lima,"Av. Augusto Staben, 929 - Jardim Paulista, Campina Grande do Sul - PR, 83430-000",imobiliáriaoliveiralima.com.br,https://www.imobiliáriaoliveiralima.com.br,(41) 99546-6539,https://wa.me/5541995466539,Imobiliária,"Jardim Paulista, Campina Grande do Sul",41,4.6,-25.364425,-49.1380389,1
Imobiliária Silva Peroni,"Av. José Sbalcheiro., 519 - Loja 03 - Jardim Paulista, Campina Grande do Sul - PR, 83430-000",silvaperoni.com.br,https://www.silvaperoni.com.br,(41) 98525-8722,https://wa.me/5541985258722,Imobiliária,"Jardim Paulista, Campina Grande do Sul",,,-25.364425,-49.1380389,1
Goetz Corretora de Imóveis,"Sobre Loja - Rua Antonio, R. Ângelo Antônio Zanchettin, 246 - sala 06, Campina Grande do Sul - PR, 83430-000",goetzcorretoradeimoveis.com.br,https://www.goetzcorretoradeimoveis.com.br,(41) 99798-1741,https://wa.me/5541997981741,Imobiliária,"Jardim Paulista, Campina Grande do Sul",20,4.8,-25.364425,-49.1380389,1
Liz Carames,"R. Leonardo Francischelli, 323 - sobreloja - Jardim Paulista, Campina Grande do Sul - PR, 83430-000",lizcorretoradeimoveis.com,https://www.lizcorretoradeimoveis.com,(41) 3104-8500,https://wa.me/554131048500,Imobiliária,"Jardim Paulista, Campina Grande do Sul",41,4.9,-25.364425,-49.1380389,1
MSiqueira Imóveis,"Av. José Sbalcheiro., 520 - Jardim Paulista, Campina Grande do Sul - PR, 83430-000",msiqueira.com,https://www.msiqueira.com,(41) 99521-0389,https://wa.me/5541995210389,Imobiliária,"Jardim Paulista, Campina Grande do Sul",4,3.8,-25.364425,-49.1380389,1
Imobiliária Handover,"R. Leonardo Francischelli, 421 - Jardim Paulista, Campina Grande do Sul - PR, 83430-000",handoverimoveis.com.br,https://www.handoverimoveis.com.br,(41) 98825-5738,https://wa.me/5541988255738,Imobiliária,"Jardim Paulista, Campina Grande do Sul",3,5.0,-25.364425,-49.1380389,1
Imobiliaria Habiatar- Creci-Pr- J 4130,"R. Prof. Duílio Calderari, 2132 - Jardim Paulista, Campina Grande do Sul - PR, 83430-000",habiatarimobiliaria.com.br,https://www.habiatarimobiliaria.com.br,(41) 99504-5098,https://wa.me/5541995045098,Imobiliária,"Jardim Paulista, Campina Grande do Sul",6,4.7,-25.364425,-49.1380389,1
JARDINS DA SERRA IMOBILIARIA E INCORPORADORA DE IMOVEIS LTDA,"R. Pres. Arthur da Costa e Silva, 1796 - Jardim Paulista, Campina Grande do Sul - PR, 83430-000",jardinsimobiliaria.net,https://www.jardinsimobiliaria.net,(41) 99647-2327,https://wa.me/5541996472327,Imobiliária,"Jardim Paulista, Campina Grande do Sul",,,-25.364425,-49.1380389,1
Proença Adm. Locação de Kitinets e Imóveis.,"R. João Trevisan, 198 - Jardim Paulista, Campina Grande do Sul - PR, 83430-000",,,(41) 99674-0975,https://wa.me/5541996740975,Imobiliária,"Jardim Paulista, Campina Grande do Sul",17,4.1,-25.364425,-49.1380389,1
Jardim Paulista,,,,,,Imobiliária,"Jardim Paulista, Campina Grande do Sul",,,-25.364425,-49.1380389,1
Carla Costa Corretora de Imóveis,"R. Ângelo Antônio Zanchettin, 246 - Sala 05 - Jardim Paulista, Campina Grande do Sul - PR, 84268-738",imoveiscarlacosta.com.br,https://www.imoveiscarlacosta.com.br,(41) 99193-3075,https://wa.me/5541991933075,Imobiliária,"Jardim Paulista, Campina Grande do Sul",5,5.0,-25.3534362,-49.1716173,1
Souza e Farias Negócios Imobiliários,"R. Prof. Duílio Calderari, 926 - Sala 02 - Jardim Paulista, Campina Grande do Sul - PR, 83430-000",souzaefariasimoveis.com.br,https://www.souzaefariasimoveis.com.br,(41) 98831-5058,https://wa.me/5541988315058,Imobiliária,"Jardim Paulista, Campina Grande do Sul",1,5.0,-25.3534362,-49.1716173,1
K-ZANETTI,"R. Prof. Duílio Calderari, 1948 - Jardim Paulista, Campina Grande do Sul - PR, 83430-000",,,(41) 3679-5900,https://wa.me/554136795900,Imobiliária,"Jardim Paulista, Campina Grande do Sul",9,4.7,-25.3534362,-49.1716173,1
Adn Imovel,"Av. Pres. Jucelino Kubitschek de Oliveira, 1143 - Jardim Paulista, Campina Grande do Sul - PR, 83430-000",,,(41) 99521-0644,https://wa.me/5541995210644,Imobiliária,"Jardim Paulista, Campina Grande do Sul",,,-25.3534362,-49.1716173,1
INOVACOR TINTAS ®,"R. Pedro Pasa, 1724 - Jardim Paulista, Campina Grande do Sul - PR, 83430-000",,,(41) 98707-2872,https://wa.me/5541987072872,Imobiliária,"Jardim Paulista, Campina Grande do Sul",79,4.9,-25.3534362,-49.1716173,1
Jean Henrique Silva | Venda de Terrenos Direto | Corretor de Imóveis,"R. João Cândido, 812 - Jardim da Colina, Campina Grande do Sul - PR, 83434-798",instagram.com,https://www.instagram.com,(41) 99539-2023,https://wa.me/5541995392023,Imobiliária,"Jardim Paulista, Campina Grande do Sul",16,5.0,-25.3114207,-49.1254532,1
Marcelo Maschio,"Rua Pedro Bossardi, 658-A - Jardim Paulista, Campina Grande do Sul - PR, 83430-000",maschioimoveis.com.br,https://www.maschioimoveis.com.br,(41) 99603-1513,https://wa.me/5541996031513,Imobiliária,"Jardim Paulista, Campina Grande do Sul",2,5.0,-25.3603066,-49.1709787,1
Rocha Forte Imóveis - Imobiliária,"Av. Alderico Bandeira de Lima, 791 - Loja 01 - Jardim Paulista, Campina Grande do Sul - PR, 83430-000",rochaforteimoveis.com.br,https://www.rochaforteimoveis.com.br,(41) 3679-2428,https://wa.me/554136792428,Imobiliária,"Jardim Paulista, Campina Grande do Sul",12,4.6,-25.3603066,-49.1709787,1
Residencial Jardim Paulista,"R. João Trevisan, 1142 - Jardim Paulista, Campina Grande do Sul - PR, 83430-000",,,(41) 99682-9676,https://wa.me/5541996829676,Imobiliária,"Jardim Paulista, Campina Grande do Sul",,,-25.3603066,-49.1709787,1
Condomínio Jardim Paulista,"R. Pres. Arthur da Costa e Silva, 1408 - Casa A5 - Jardim Paulista, Campina Grande do Sul - PR, 83430-000",,,,,Imobiliária,"Jardim Paulista, Campina Grande do Sul",41,4.0,-25.3603066,-49.1709787,1
Rafaela Santos corretora,"Av. Pres. Jucelino Kubitschek de Oliveira, 395 - Jardim Paulista, Campina Grande do Sul - PR, 83430-000",,,,,Imobiliária,"Jardim Paulista, Campina Grande do Sul",1,1.0,-25.3603066,-49.1709787,1
Consultora Imobiliária Evelyn,"Rua Eloina da silva - R. Pedro Dalprá Filho - Jardim Paulista, Campina Grande do Sul - PR, 83430-000",,,(41) 98748-5328,https://wa.me/5541987485328,Imobiliária,"Jardim Paulista, Campina Grande do Sul",,,-25.3603066,-49.1709787,1
Libere Assessoria Documental,"Rua Pedro Bossardi, 226 - Jardim Paulista, Campina Grande do Sul - PR, 83430-000",ueniweb.com,https://www.ueniweb.com,(41) 3679-6963,https://wa.me/554136796963,Imobiliária,"Jardim Paulista, Campina Grande do Sul",,,-25.3603066,-49.1709787,1
A,"Rua Pedro Bossardi, 363 - Jardim Paulista, Campina Grande do Sul - PR, 83430-000",,,,,Imobiliária,"Jardim Paulista, Campina Grande do Sul",,,-25.3603066,-49.1709787,1
PRINCIPIUS IMÓVEIS,"R. João Furmann, 239 - Jardim Eugenia Maria, Campina Grande do Sul - PR, 83430-000",principiusimoveis.com.br,https://www.principiusimoveis.com.br,(41) 3679-5978,https://wa.me/554136795978,Imobiliária,"Centro, Campina Grande do Sul",14,4.7,-25.3625741,-49.1765296,1
DeVille Imóveis Campina Grande do Sul,"R. Manoel Martins da Cruz, 324 - Jardim da Colina, Campina Grande do Sul - PR, 83430-000",devillevendas.com.br,https://www.devillevendas.com.br,(41) 99622-7000,https://wa.me/5541996227000,Imobiliária,"Centro, Campina Grande do Sul",1,4.0,-25.3094116,-49.1287924,1
DFG Corretores,"R. Waldomiro de Souza Hathy, 36 - sala 5 - Centro, Campina Grande do Sul - PR, 83430-000",dfgcorretores.com.br,https://www.dfgcorretores.com.br,(41) 99750-4517,https://wa.me/5541997504517,Imobiliária,"Centro, Campina Grande do Sul",1,5.0,-25.3632559,-49.1743962,1
RMenezes Corretor,"R. Prof. Duílio Calderari, n° 1.048 - Jardim Paulista, Campina Grande do Sul - PR, 83430-000",rmenezescorretor.com.br,https://www.rmenezescorretor.com.br,(41) 99721-0331,https://wa.me/5541997210331,Imobiliária,"Centro, Campina Grande do Sul",2,5.0,-25.3625125,-49.1648186,1
RS Empreendimentos,"Av. Dom Pedro II, 22, Esquina Av. São Sebastião Piso Superior - Centro, Quatro Barras - PR, 83420-000",rscorretor.com.br,https://www.rscorretor.com.br,(41) 3672-1262,https://wa.me/554136721262,Imobiliária,"Centro, Campina Grande do Sul",146,4.6,-25.3625125,-49.1648186,1
Registro de Imóveis de Campina Grande do Sul,"R. Waldomiro de Souza Hathy, 221 - Centro, Campina Grande do Sul - PR, 83430-000",,,(41) 3676-1601,https://wa.me/554136761601,Imobiliária,"Centro, Campina Grande do Sul",27,2.5,-25.3072367,-49.1266748,1
"MD GEO - Projetos Topográficos, Licenciamento Ambiental e Gestão Imobiliária","Rua Vereador Walfrido Ribeiro de Souza, 181 - Centro, Campina Grande do Sul - PR, 83430-000",mdgeo.net.br,https://www.mdgeo.net.br,(41) 98491-8476,https://wa.me/5541984918476,Imobiliária,"Centro, Campina Grande do Sul",,,-25.3072367,-49.1266748,1
Campina Grande Do Sul,"R. Prof. Duílio Calderari, 1559 - Jardim Paulista, Campina Grande do Sul - PR, 83430-000",,,,,Imobiliária,"Centro, Campina Grande do Sul",,,-25.3072367,-49.1266748,1
Jardim Aracatuba,,,,,,Imobiliária,"Jardim Araçatuba, Campina Grande do Sul",,,-25.3379171,-49.1212222,1
PRI FENIX,"R. Vili Tonetti, 408 - sala1 - Jardim Ceccon, Campina Grande do Sul - PR, 83430-000",,,(41) 99880-0098,https://wa.me/5541998800098,Imobiliária,"Jardim Ceccon, Campina Grande do Sul",,,-25.3625741,-49.1765296,1
Jardim Ceccon,,,,,,Imobiliária,"Jardim Ceccon, Campina Grande do Sul",,,-25.3625741,-49.1765296,1
Rhurick M Corretor Imobiliário,"Rua Lucídio Florêncio Ribeiro, 225 - Jardim Graciosa, Campina Grande do Sul - PR, 83430-000",rhurickmimoveis.com.br,https://www.rhurickmimoveis.com.br,,,Imobiliária,"Jardim Ceccon, Campina Grande do Sul",,,-25.3503101,-49.1313941,1
Jardim Graciosa,,,,,,Imobiliária,"Jardim Graciosa, Campina Grande do Sul",,,-25.3577815,-49.1287044,1
Jardim Nesita,,,,,,Imobiliária,"Jardim Graciosa, Campina Grande do Sul",,,-25.3534362,-49.1716173,1
Jardim Flórida,,,,,,Imobiliária,"Jardim Graciosa, Campina Grande do Sul",,,-25.3580739,-49.1234682,1
Jardim Santa Rosa,,,,,,Imobiliária,"Jardim Santa Rosa, Campina Grande do Sul",,,-25.3369126,-49.1235361,1
Paládio Novo Daher,"Rod. Pr 506 Rod Do Caqui, 4185 - Aracatuba, Campina Grande do Sul - PR, 83430-000",,,(41) 99233-0515,https://wa.me/5541992330515,Imobiliária,"Jardim Santa Rosa, Campina Grande do Sul",,,-25.3640932,-49.1201451,1
Jardim Diamante,,,,,,Imobiliária,"Jardim Diamante, Campina Grande do Sul",,,-25.3379171,-49.1235361,1
Condominio Castanheira,"R. Ver. Leonildo Zanona, 100 - Araçatuba, Campina Grande do Sul - PR, 83430-000",,,,,Imobiliária,"Jardim Diamante, Campina Grande do Sul",63,4.0,-25.3290682,-49.0834876,1
Loteamento Moradas da Campina,"R. João Cândido, 1101-973 - Sede, Campina Grande do Sul - PR, 83430-000",primaterraurbanismo.com.br,https://www.primaterraurbanismo.com.br,(41) 3040-1299,https://wa.me/554130401299,Imobiliária,"Jardim Diamante, Campina Grande do Sul",3,4.7,-25.3121366,-49.0576252,1
Agile Administradora de Condomínios,"Av. Augusto Staben, 2201 - Jardim Paulista, Campina Grande do Sul - PR, 83430-296",agilecond.com.br,https://www.agilecond.com.br,(41) 99680-5408,https://wa.me/5541996805408,Imobiliária,"Jardim Diamante, Campina Grande do Sul",10,5.0,-25.3638013,-49.1180383,1
Condomínio Marumbi,"R. Elisio Gheno, 772 - Jardim Aracatuba, Campina Grande do Sul - PR, 83430-000",,,,,Imobiliária,"Jardim Diamante, Campina Grande do Sul",28,4.2,-25.3337795,-49.0751365,1
Plantão de Vendas Del Administradora,"Jardim da Colina, Campina Grande do Sul - State of Paraná, 83430-000",,,(41) 99918-8842,https://wa.me/5541999188842,Imobiliária,"Jardim Diamante, Campina Grande do Sul",,,-25.3122849,-49.0574986,1
